334,AMHT-0001,BULAN MARET 2022 (MUSIM SAKURA di JEPANG),"<p class=""MsoNoSpacing"" style=""text-align: justify;""><span style=""font-size: medium;"">Hari 01 -  26 Mar: JAKARTA -TOKYO<br />Dengan mengucap Bismillahirrahmanirrahim Para peserta  diharapkan sudah <br />berkumpul di bandara Soekarno-Hatta 2,5  jam sebelum waktu keberangkatan <br />untuk  menuju negeri Matahari Jepang </span></p>
<p class=""MsoNoSpacing"" style=""text-align: justify;""><span style=""font-size: medium;""> Hari 02 - 27 Mar  : HANEDA - TOKYO CITY TOUR<br />Tokyo salah satu kota terbesar dan tersibuk di dunia dengan populasi sekitar 13 juta, dan kita memulai perjalanan kita dengan mengujungi Asakusa Kannon Temple (kuil tertua di Jepang) , mengunjungi  Nakamise Street (tempat belanja aneka suvenir)  dan  Ueno Park Taman bunga sakura yang sangat terkenal, melewati  Imperial Palace (tempat tinggal Kaisar); pusat perbelanjaan di Ginza  <br />Lunch	: Amataro Ueno - Japanese ChunkoNabe<br />Dinner	: Ginza Carne - Japanese BBQ All you can eat</span></p>
<p style=""text-align: justify;""><span style=""font-size: medium;"">Hari 03 - 28 Mar  : TOKYO HANAMI - GOTENBA FACTORY OUTLET - KAWAGUCHI	<br />Pagi ini kita mengunjungi Shinjuku Gyoen adalah salah satu taman terbesar dan paling populer di Tokyo. Pada musim semi Shinjuku Gyoen menjadi salah satu tempat terbaik di kota Tokyo untuk melihat bunga sakura. Dan selajutnya Anda juga dapat berjalan - jalan di Shinjuku Shopping Street juga berbelanja di Gotemba Outlet, yang menjual barang bermerek dengan harga yang lebih murah.  Menuju ke Kawaguchi, bermalam di Kawaguchi.<br />Lunch	: Momoparadise - Sukiyaki / ShabuShabu Steamboat<br />Dinner	: TBA</span></p>
<p style=""text-align: justify;""><span style=""font-size: medium;"">Hari 4 -  29 Mar  : KAWAGUCHI - MT FUJI - BULLET TRAIN - HAMAMATSU<br />Pagi hari ke Gunung Fuji dari tingkat ke-5 (jika cuaca memungkinkan) yang merupakan salah satu daya tarik utama Negeri Sakura dengan pemandangannya yang sangat indah. Kemudian berwisata ke Oshino Hakkai (Desa tradisional Jepang). Naik Bullet Train (Shinkansen), yang merupakan salah satu kereta api tercepat di dunia.  dari  Kakegawa ke  Hamamatsu Station.<br />Lunch	: Kurumaya - Traditional Japanese + Tempura<br />Dinner	: Ukahchan - Japanese Fish Cuisine</span></p>
<p style=""text-align: justify;""><span style=""font-size: medium;"">Hari 5 - 30 Mar :  HAMAMATSU - KYOTO WORLD HERITAGE - OSAKA.<br />Perjalanan hari ini akan dilanjutkan menuju kota tua cagar budaya dunia bersejarah berusia 1.100 tahun yaitu Kyoto untuk city tour mengunjungi Kiyomizu Templ, Togenzaka-Sanenzaka &amp; Ninen Zaka : Love Stone)  Selanjutnya diantar mengujungi Maruyama Park &amp; Heian Shrine. Selesai city tour di Kyoto, Anda akan melanjutkan perjalanan menuju Toyohashi melalui Hamamatsu dengan menggunakan <br />Lunch	: Kyoto Royal - Japanese and Western Buffet<br />Dinner	: TBA</span></p>
<p style=""text-align: justify;""><span style=""font-size: medium;"">Hari 6 -  31 Mar  : OSAKA CITY TOUR 	<br />mengunjungi Osaka Castle , Taman Sakuranomiya &amp; sore hari Anda akan diajak ke pusat perbelanjaan yang sangat terkenal di Osaka yaitu Shinzaibashi, dimana harga &amp; barang barang belanjaan di tempat ini sangat terjangkau. Setelah itu kembali ke hotel untuk bermalam dan beristirahat.<br />Lunch	: Nanba - Japanese Yakiniku<br />Dinner	: HikiyaShinsaibashi - Seafood Hot Pot<br />Hari 7 -  01 Apr  : OSAKA - OUT KANSAI INTERNATIONAL AIRPORT	.<br />Hari ini merupakan hari terakhir perjalanan wisata Anda bersama kami di Jepang. Terima kasih telah memilih kami untuk menemani Anda berwisata ke negeri Bunga Sakura.sampai jumpa</span></p>
<p style=""text-align: justify;""><span style=""font-size: medium;""><br /></span></p>
<p class=""MsoNoSpacing"" style=""text-align: justify;""><span style=""font-size: 10pt; font-family: ""><span style=""font-size: medium;"">&nbsp;</span></span></p>
<p class=""MsoNoSpacing"" style=""text-align: justify;""><span style=""font-size: 10pt; font-family: ""><span style=""font-size: medium;"">&nbsp;</span></span></p>",Presentation1.jpg,0,USD,$,2750,3250,,0,0,0,0,0,1,2014-11-14 16:57:48,0,ADMIN_MANAGER,2021-10-16 17:56:33,2020-03-26 00:00:00,,2020-03-26,,,109,,,,,,REQ,1,JP,0,0,0,Per Pax,t,,0,9,0,-,-,750000,350000,0,14500,0,0,0
347,AMHT-0006,Turkey negara sejarah islam terbesar Pebruari 2022,"<p style=""text-align: justify;""><span style=""font-size: medium;"">TADABUR ALAM - IEDUL ADHA di UZBECKISTAN &amp; RUSIA</span></p>
<p style=""text-align: justify;""><span style=""font-size: medium;""><br />HARI 01 : JAKARTA - ISTANBUL<br />Dengan mengucap Bismillahirrahmanirrahim Peserta  sudah berkumpul di bandara Soekarno-Hatta 2,5  jam sebelum waktu keberangkatan untuk  memulai keberangkatan menuju Istanbul Turkey dengan TK 057 20.35 - 05.10.</span></p>
<p style=""text-align: justify;"">&nbsp;</p>
<p style=""text-align: justify;""><span style=""font-size: medium;"">HARI 02 : ISTANBUL - TASKENT<br />Tiba di Istanbul pagi hari, langsung menuju hotel untuk istirahat dan siang acara bebas bisa juga  city tour Istanbul. Sore hari menuju airport untuk penerbangan ke kota Taskent (Uzbeckistan) dengan  TK 370 1900-0135</span></p>
<p style=""text-align: justify;"">&nbsp;</p>
<p style=""text-align: justify;""><span style=""font-size: medium;"">HARI 03 :  TASKENT<br /> Pagi hari setibanya kita di Tashkent, Ibukota Uzbekistan, kita akan diajak ke Local Guest House (tanpa kamar) untuk santap pagi dan membersihkan diri. Selanjutnya dengan Bus A/C kita akan diajak bertolak ke Samarkand selama lebih kurang 3 jam perjalanan. Samarkand dahulu dijuluki sebagai &lsquo;Marakanda` atau &lsquo;Pearl of Asia`, sebuah Peradaban Kota yang setara dengan Roma di wilayah Eropa. Samarkand merupakan muara Kota Penting di perlintasan &lsquo;Jalur Sutra` dari wilayah Timur (Asia) ke Barat (Eropa). Setibanya disana kita akan dibawa mengunjungi Gur Emir Mausoleum -makam Timur Leng yang bertahtakan batu-batu mulia, Selanjutnya menyaksikan kemegahan dan arsitektur spektakuler Icon Negara Uzbekistan, sebuah Mahakarya &lsquo;Registhan Square` abad ke-15 yang dinobatkan UNESCO sebagai salah satu world heritage. Setelah dinner ke hotel beristirahatArrival in Tashkent  BY TK.370 ETA. 01.35</span></p>
<p style=""text-align: justify;"">&nbsp;</p>
<p style=""text-align: justify;""><span style=""font-size: medium;"">HARI 04.Tashkent - Samarkand<br />Hari ini meninggalkan Tashkent menuju Samarkand dengan bus (+/- 5jam). Sebelum berangkat ke Samarkand,  akan City Tour kota Tashkent mengunjungi : Amir temur Square, Courage Monument , Hasti Imam Complek, Barakan, Chorsu Bazaar, Kukeldash, People`s Frendship Square, Abul Kosim (Pusat Kerajinan) dan Museum Kebudayaan. Setelah makan siang  berangkat ke Samarkand. Setibanya di Samarkand, insya Allah peserta akan solat Maghrib di Masjid &amp; Makam Iman Bukhari.</span></p>
<p style=""text-align: justify;""><span style=""font-size: medium;"">HARI 05 : Samarkand<br />Hari ini akan melanjutkan acara kunjungan ke tempat wisata dan sejarah di Samarkand seperti Makam Nabi Daniel, Masjid Bibi Khanum, Makam Emir, Shakhi Zenda"" Necropolis Of Temurids "" dan Ulugbek Observatory.</span></p>
<p style=""text-align: justify;"">&nbsp;</p>
<p style=""text-align: justify;""><span style=""font-size: medium;"">HARI 06 : Samarkand - Bukhara  <br />Pagi hari  perjalanan dilanjutkan menuju Bukhara dengan bus (-/+ 4 jam) dimana dalam perjalanan dapat mengunjungit beberapa tempat bersejarah Islam dan ziarah ke makam Bauhuddin Naqsabandi (guru besar tarikat Naqsabandiah).makan malam  sambil menyaksikan pertunjukan kebudayaan Uzbekistan.</span></p>
<p style=""text-align: justify;"">&nbsp;</p>
<p style=""text-align: justify;""><span style=""font-size: medium;"">HARI 07. :&nbsp; Bukhara  <br />Acara dimulai dengan mengunjungi: Menara Kalyan &amp; Poi, Masjid Kalyan, Miri Arab Madrassa, Toki Zargaron Dome, Madrassa Ulugbek dan Abdullazizkhan, Toki Telpak Furushon Dome, Masjid Magoki Attory dan kompleks Lyabi Hauz. Setelah makan siang, peserta akan dibawa untuk mengunjungi Ark Fortress, Masjid Bolo House, Makam Ismail Samonid dan Chasmai Ayub</span></p>
<p style=""text-align: justify;""><span style=""font-size: medium;""><br />HARI 08. : Bukhara  - Tashkent  by train or by bus<br />Hari ini kita akan meninggalkan Bukhara menuju Tashkent dengan kereta api.</span></p>
<p style=""text-align: justify;"">&nbsp;</p>
<p style=""text-align: justify;""><span style=""font-size: medium;"">HARI 09. ; Tashkent - Moscow (TAS - SVO   by SU.1871 04.30 - 06.50 )<br />Tiba di Moscow kita langsung city tour menuju Taman  novidenchy convent (berfoto di depan biara ).Kremlin, gedung pusat pemerintahan Rusia : mengunjungi  State Armory of Chamber , 2 Gereja Kremlin dan  melihat lonceng terbesar di dunia /Tsar Bell dan Tsar Cannon / Meriam besar milik Tsar Feodor.mengunjungi  Red Square  : St Basil Cathedral ,Lenin Mausoleum , belanja di Gum juga ke  Moscow University  dan Sparrow Hill  terakhir Menyaksikan pertunjukan Circus  yang spektakuler</span></p>
<p style=""text-align: justify;"">&nbsp;</p>
<p style=""text-align: justify;""><span style=""font-size: medium;"">HARI 10. :&nbsp; Moscow<br />Pagi hari kita naik kereta Moscow Metro Subway yang terkenal dengan kemewahannyaTretyakov Gallery  ( koleksi  seni Rusia yg sudah berusia 1000 tahun lebih)  Mengarungi sungai Moscow dengan kapal  RADISSON ROYAL <br /> <br />HARI 11. : Moscow- Kazan  ( SVO - KZN  by SU.1194 - 18.00-19.30) <br />Pagi hari Solat Ied di Grand Mosque, Moscow, kemudian mengunjungi  Kolomenskoye  dan  berbelanja di  Afimal  dan transfer menuju airport untuk penerbangan ke kota Kazan.</span></p>
<p style=""text-align: justify;"">&nbsp;</p>
<p style=""text-align: justify;""><span style=""font-size: medium;"">HARI 12. :&nbsp; Kazan<br />Mengunjungi Kremlin Putih yang sangat indah, melihat  Annuaction Catherdal, Suyumbiki Tower, Rumah Gubenur, Jewellery  studio ) Sholat di Masjid Qulsharif . Mengunjungi St. Peter &amp; Paul Catherdral, Bulak Kanal, Kazan Beach, Afghanistan War Memorial. Park Pobedi.<br /> <br />HARI 13. :&nbsp; Kazan - ST.Petersburg  ( KZN - LED  by FV.6766 -04.15-06.25)<br />Pagi hari penerbangan menuju St. Petersburg. Tiba  langsung makan pagi di restaurant , lalu mengunjungi enuju ke Hermitage  yang merupakan bekas istana musim dingin Kaisar yang sangat megah dan saat ini menyimpan banyak koleksi seniman ternama di dunia.Sholat di Masjid Sukarno atau Masjid Biru <br /> <br />HARI 14 :&nbsp; ST Petersburg<br />Hari ini menuju ke Pushkin lalu  mengunjungi istana Rococo (The Catherine Palace) terletak di kota Tsarskoye Selo (Pushkin), Kediaman musim panas para Tsar Rusia. Perjalanan ke PetrodvertsMengunjungi  istana Peterhof Palace , istana ini  juga salah 1 Situs Warisan dunia UNESCO, Sholat di Masjid Sukarno atau Masjid Biru, Melihat pertunjukan tradisional Nikolaevsky <br /> <br />HARI 15. :</span><span style=""font-size: medium;"">ST Petersburg</span></p>
<p style=""text-align: justify;""><span style=""font-size: medium;"">Mengunjungi  ST Isaac Cathedral,  Peter and Paul Fortress ( Benteng Peter<br /> dan Paul) Menikmati  jalan utama Nevsky Prospect</span></p>
<p style=""text-align: justify;"">&nbsp;</p>
<p style=""text-align: justify;""><span style=""font-size: medium;"">HARI 16. :  ST Petersburg 	LED - IST  TK. 402  15.25 - 18.55<br />Sebelummeninggalkankota St. Petersburg, PagihariMenikmatijalan utama Nevsky Prospect, Setelah itu menujubandarauntukkembaliketanah air denganTK.402 15.25-18.55</span></p>
<p style=""text-align: justify;"">&nbsp;</p>
<p style=""text-align: justify;""><span style=""font-size: medium;"">HARI 17. :  IST - JKT TK.056    02.05 -17.55<br />Dini hari menuju kota Jakarta. Selesailah sudah tadaburalam kita di Rusia. Sampai berjumpa dalam perjalanan berikutnya yang spectakuler.</span></p>
<p style=""text-align: justify;"">&nbsp;</p>",Slide2.JPG,0,USD,$,0,0,,0,0,0,0,0,1,2015-11-05 14:38:47,1,ADMIN_MANAGER,2021-10-29 21:08:29,2020-09-01 00:00:00,,2020-09-01,,,115,,,,,,REQ,1,RU,0,0,0,Per Pax,t,,0,18,0,-,-,0,0,0,14500,0,0,0
366,AMHT-00010,"BULAN OKTOBER 2022 ( MENIKMATI MUSIM GUGUR di BEIJING) ","<p style=""text-align: center;""><strong><span style=""font-size: x-large;"">MENIKMATI MUSIM GUGUR di BEIJING</span></strong></p>
<p><span style=""font-size: large;"">H.01, 26 Oct Jakarta - Beijing<br />- Masjid Niujie<br />- Akrobatik Show</span></p>
<p><span style=""font-size: large;"">H.02, 27 Oct : Beijing<br />- Tiananmen<br />- Forbidden City<br />- Madian Mosque<br />- Kungfu Panda Show</span></p>
<p><span style=""font-size: large;"">H.03, 28 Oct : Beijing<br />- Great Wall<br />- Wang Fu Jing Shopping Str<br />- Fragrant Hills Park</span></p>
<p><span style=""font-size: large;"">H.04, 29 Oct : Beijing<br />- Summer Palace <br />- Nan Dou Ya Mosque<br />- Xiushui Market<br />- LED screen show</span></p>
<p><span style=""font-size: large;"">H.05, 30 Oct Beijing - Jakarta<br />- Bird Nest Stadium<br />- Silk Market</span></p>
<p><span style=""font-size: large;"">H.06.31Oct Jakarta</span></p>
<p>&nbsp;</p>
<p><span style=""font-size: large;"">Airlines by Cathay Pacific</span></p>
<p><span style=""font-size: large;"">Hotel : Holliday inn </span></p>
<p><span style=""font-size: large;"">Harga tidak termasuk :<br />* Visa China Rp. 620.000 *Tipping Usd. 5/pax/day *Handling JktRp. 50.000 <br />**Kelebihan bagasi sesuai ketentuan airlines *Keperluan dan obat2an pribadi</span></p>
<p>&nbsp;</p>",images (1).jpg,0,usd,$,,1050,,0,0,0,0,0,1,2016-09-06 15:13:19,1,ADMIN_MANAGER,2021-10-16 17:55:18,2020-10-21 00:00:00,,2020-10-21,,,106,,,,,,HEM,2,CN,0,0,0,Per Pax,t,,0,9,0,-,-,750000,350000,0,14500,0,0,0
348,AMHT-0007,BULAN OKTOBER 2022 (TOUR WEST & EAST UNITED STATE AMERIKA),"<p style=""text-align: justify;""><span style=""font-size: medium;"">Dengan mengucap Bismillahirrahmanirrahim Peserta sudah berkumpul di bandara Soekarno-Hatta 2,5  jam sebelum waktu keberangkatan untuk  memulai perjalanan  menuju Los  Angeles  melalui Abudhabi</span></p>
<p style=""text-align: justify;""><span style=""font-size: medium;"">Hari 1.Oct.02 : JAKARTA  - LOS ANGLES <br />Tiba di Los Angeles Langsung diajak city tour farmer market, Kodak  Theater (tempat pemberian piala Oscar yang diadakan setiap tahun), Mann`s Chinese Theater, dimana terdapat banyak cap telapak tangan dan kaki para bintang film terkenal Amerika, melewati Hollywood, Rodeo drive dan Sunset Boulevard. D</span></p>
<p style=""text-align: justify;""><span style=""font-size: medium;"">Hari 2, Oct.03 : LOS ANGELES - ANAHEIM <br />Mengunjungi Warner bross studio, tempat pembuatan film Harry Potter dan Batman, sore hari mengunjungi Los Angeles County Museum of Art (LACMA). Lalu menuju Anaheim untuk bermalam. B.L.D</span></p>
<p style=""text-align: justify;""><span style=""font-size: medium;"">Hari  03. Oct.04. ANAHEIM - SAN DIEGO - ANAHEIM<br />Hari ini Anda diajak ke kota wisata tepi pantai San Diego. Anda akan merasakan pengalaman yang tak terlupakan untuk melihat kapal perang induk Amerika USS Midway, yang sangat berjasa bagi pertahanan Amerika, dan bagaikan sebuah kota mengapung diatas air, dengan fasilitas kantor pos dan lain-lain. Selesai santap siang, Anda akan diajak melihat/melewati Gaslamp Quarter  (pusat hiburan dan perbelanjaan yang unik yang selalu ramai dengan pengunjung), San  Diego Seaport Village  (kompleks rekreasi, pusat hiburan dan perbelanjaan di tepi pantai dan tempat berkumpulnya para pemusik Blues dan Jazz), Old Town San Diego  untuk melihat Fiesta de Reyes dan berbelanja souvenir, serta melihat Del Coronado Hotel yang bersejarah yang terletak di tepi pantai degan gaya arsitektur Victoria. Sore hari Anda akan kembali ke kota Anaheim untuk bermalam.</span></p>
<p style=""text-align: justify;""><span style=""font-size: medium;"">Hari  04. Oct.05&nbsp; : ANAHEIM - BRATOW- LAS VEGAS<br />Dari Negara bagian California pindah ke Negara bagian Nevada yaitu LasVegas  kota yang terkenal dengan perjudian dan berbagai atraksi di malam hari. Tetapi sebelumnya kita berbelanja di Tanger Outlet  B.L.D</span></p>
<p style=""text-align: justify;""><span style=""font-size: medium;"">Hari 05, Oct.06&nbsp; : LAS VEGAS<br />Hari ini kita akan wisata keGrand Canyon National Park (optional) disana kita bisa menikmati suasana yang berbeda dengan berjalan di atas kaca (Skywalk Glass Bridge) dan malam hari merayakan pergantian tahun. B.L.D</span></p>
<p style=""text-align: justify;""><span style=""font-size: medium;"">Hari 06. Oct.07 : LAS VEGAS - BUFFALO (by domestic flight)<br />Hari ini Anda akan melanjutkan penerbangan menuju kota Buffalo . Tiba sore hari Anda akan dijemput dan diantar menuju restoran untuk bersantap malam sebelum menuju hotel untuk beristirahat.</span></p>
<p style=""text-align: justify;""><span style=""font-size: medium;"">Hari 07.  Oct.08&nbsp; :   BUFFALO - NIAGARA - HARRISBURGPagi ini Anda akan mengunjungi Niagara Falls. dan mengikuti salah satu atraksi di Niagara (USA side), Maid of the Mist  yang menjadi pengalaman yang tak terlupakan (untuk musim panas) atau IMAX Theatre Niagara Falls (untuk musim dingin). Usai santap siang Anda akan melanjutkan perjalanan menuju kota Harrisburg untuk bermalam.</span></p>
<p style=""text-align: justify;""><span style=""font-size: medium;"">Hari 08.Oct.09 : HARRISBURG - WASHINGTON<br />Acara tour hari ini Anda akan melanjutkan perjalanan menuju kota Washington  dengan singgah di Hershey Chocolate Factory  untuk melihat cara pembuatan coklat yang terkenal di Amerika ini. Setibanya di Washington Anda akan diajak city tour dengan melihat/melewati Jefferson memorial Park, Lincoln Memorial  - monument peringatan Bapak Pembebasan Perbudakan Amerika Serikat, White House (Kediaman resmi Presiden Amerika Serikat), George Washington Monument, Pentagon dan Capitol Building  - tempat para senator Amerika bekerja. Malam hari menuju hotel untuk beristirahat.</span></p>
<p style=""text-align: justify;""><span style=""font-size: medium;"">Hari 09. Oct.10 : WASHINGTON - PHILADELPHIA - NEW YORK<br />Setelah bersantap pagi, Anda akan diantar menuju kota Philadelphia yang dahulunya merupakan ibukota pertama Amerika Serikat dan tempat dicetuskannya Proklamasi Kemerdekaan Amerika. Anda akan city tour mengunjungi/melihat Lonceng Liberty, Independence Hall dan US Mint . Setelah itu menuju kota New York untuk bermalam.</span></p>
<p style=""text-align: justify;""><span style=""font-size: medium;"">Hari 10. Oct.11 : NEW YORK - WOODBURY - NEW YORK<br />Hari ini Anda akan menuju Woodbury untuk berbelanja sehari penuh di Woodburry Outlet, outlet centre terkenal dan terbesar di New York. Sore harinya, Anda akan diantar kembali menuju kota New York untuk beristirahat.</span></p>
<p style=""text-align: justify;""><span style=""font-size: medium;"">Hari 11. Oct.12 : NEW YORK CITY TOUR<br />Setelah bersantap pagi Anda akan diajak city tour di kota New York diawali dengan mengikuti Liberty Cruise  dimana Anda akan diajak berkeliling dan melihat Pulau Liberty, lalu Anda mengunjungi Empire  State Building  yaitu gedung tertinggi pertama di dunia dengan arsitekturnya yang anggun dan pernah menjadi tempat shooting film KINGKONG. Acara tour akan dilanjutkan dengan melihat/melewati Wall Street  -  Ground Zero  - reruntuhan World Trade Center dan lainnya. Selesai tour Anda akan diantar ke hotel untuk beristirahat.</span></p>
<p style=""text-align: justify;""><span style=""font-size: medium;"">Hari 12. Oct.13 : NEW YORK - ABUDHABI<br />Pagi ini Anda akan diantar menuju Airport untuk penerbangan kembali ke Tanah Air melalui Hongkong.</span></p>
<p style=""text-align: justify;""><span style=""font-size: medium;"">Hari 13. Oct.14 : ABUDHABI - JAKARTA<br /> Sore hari ini tiba kembali di Jakarta dan dengan demikian berakhirlah perjalanan Anda bersama KIRANA  TOUR. Semoga perjalanan ini membawa kesan manis untuk Anda. Sampai jumpa kembali di acara tour lainnya dan terima kasih atas partisipasi Anda.</span></p>
<p style=""text-align: justify;"">&nbsp;</p>",amer.jpg,0,USD,$,0,0,,0,0,0,0,0,1,2015-11-05 14:49:21,1,ADMIN_MANAGER,2025-08-27 12:26:48,2025-08-01 00:00:00,,2025-10-01,,,78,,,,,,REQ,1,AS,0,0,0,Per Pax,t,,0,13,0,-,-,750000,350000,0,1,0,0,0
335,AMHT-0002,BULAN APRIL 2022 (MENIKMATI KEINDAHAN  EROPA BARAT dan TIMUR),"<p style=""text-align: justify;""><span style=""font-size: medium;"">Hari 1,   Apr.08 :  JAKARTA - AMSTERDAM <br />Dengan mengucap Bismillahirrahmanirrahim Para peserta diharapkan sudah berkumpul di bandara Soekarno-Hatta 2,5  jam sebelum waktu keberangkatan menuju  Amsterdam</span></p>
<p style=""text-align: justify;""><span style=""font-size: medium;"">Hari 2,  Apr.09 : AMSTERDAM<br />Tiba di Amsterdam langsung berwisata ke kota kecil yang dahulu merupakan desa nelayan yaitu Volendam. Anda dapat berfoto menggunakan pakaian tradisional Belanda. Dari Volendam  mengunjungi<br />Worskshop pengasahan berlian dilanjutkan dengan wisata Canal Cruise. <br />Hotel :   GRAND AMSTELVEEN </span></p>
<p style=""text-align: justify;""><span style=""font-size: medium;"">Hari 3,  Apr.10 : AMSTERDAM - LISSE - AMSTERDAM<br />Mengunjungi kota Lisse disana terdapat taman bunga yang ada pada saat musim semi saja yaitu taman bungga Tulip tepatnya di Keukenhof , melanjutkan melewati Old town Amsterdam terdapat Royal Palace, National Monument dan Central Station</span></p>
<p style=""text-align: justify;""><span style=""font-size: medium;"">Hari 4,  Apr.11 : AMSTERDAM - BRUSSELS (BELGIA)  <br />Hari ini meninggalkan kota Amsterdam dilanjutkan perjalanan  ke kota Brussels. Setibanya di Brussels, ""Walking Tour"" ke Old Town, photo stop di Grand Palace (Grotte Mark ) dan lambang kota Brussels yaitu Manneken  Pis serta acara berbelanja coklat Belgia, kue waffle Belgia,  souvenir.<br />Hotel   : NOVOTEL MIDI</span></p>
<p style=""text-align: justify;""><span style=""font-size: medium;"">Hari 5,  Apr.12 : BRUSSELS- PARIS<br />Pagi hari mengunjungi Miniature of  Europe. Kita akan melihat sebagian besar bagunan yang berada di negara Eropa. Siang hari menuju kota mode Paris  <br /> Hotel : HOLIDAY INN  PTE CLICHY </span></p>
<p style=""text-align: justify;""><span style=""font-size: medium;"">Hari 6,  Apr.13 : PARIS<br />Pagi hari berbelanja di outlet Lafayette, siang hari mengunjungi Menara Eiffel ingga tingkat ke-2 dimana kita dapat menikmati keindahan kota Paris dari atas, ARC DeTriomphe, Place De La Concorde, Terowongan Pont De Alma, Des Invalides, dan makan malam  di kapal  dengan menyusuri Sungai Seine</span></p>
<p style=""text-align: justify;""><span style=""font-size: medium;"">Hari 7, Apr  14&nbsp; :  PARIS - INTERLAKEN<br />Hari ini kita akan tinggalkan kota Mode Paris menuju Negara Swizerland tepatnya ke kota Interlaken<br />Hotel :  LINDNER GRAND BEAU RIVAGE </span></p>
<p style=""text-align: justify;""><span style=""font-size: medium;"">Hari 8, Apr 15&nbsp; :    INTERLAKEN<br /> Hari ini Anda akan mengunjungi kota Gstaad, kota tradisional Swiss yang sangat unik. Kemudian mengunjungi Gunung Glacier 3000 yang menakjubkan dengan menggunakan Cable Car khusus, mencapai ketinggian 3210 m dari permukaan laut. Anda dapat menikmati salju abadi dan dari sini memandang 3 gunung paling terkenal di Eropa :Mt.Blanc, Jungfraujoh dan Matterhorn. Setibanya di Glacier 3000 Anda akan menikmati makan siang sambil menikmati keindahan salju dan mencoba Snow Bus  (mobil khusus yang digunakan di padang es). Pada musim panas (20 April - 31 October tergantung cuaca) Anda dapat mengikuti optional tour mencoba Dog sled ride ( tergantung situasi dan kondisi )</span></p>
<p style=""text-align: justify;""><span style=""font-size: medium;""><br /></span></p>
<p style=""text-align: justify;""><span style=""font-size: medium;"">Hari 9,  Apr.16 - Sabtu :   INTERLAKEN<br />Menikmati permainya kota Interlaken dari Harder Kulm dengan ketingian 1.322 meter. 10 menit menanjak menyusuri tebing dengan kereta kabel. Tempat ini dibangun 100 an tahun lalu. Salah satu tempat wisata terbaik di dunia. Melihat Dua danau, Tun dan Brienz, yang mengapit kota Interlaken membiru tenang dari ketinggian. Kita juga bisa memandang gunung-gunung dengan puncak salju yang memukau. </span></p>
<p style=""text-align: justify;""><span style=""font-size: medium;"">Hari 10,  Apr. 17 - Minggu :  INTERLAKEN -  MUNCHEN <br />Meninggalkan negara Swisszerland untuk menuju negara Jerman tepatnya<br />Kota Munchen. <br /> <br />Hari 11,  Apr. 18 - Senin  :   MUNCHEN - PRAHA<br />Saatnya untuk meninggalkan Jerman dan melanjutkan perjalanan  ke Praha (ibu kota Republik Ceko yang tidak tersentuh kekejaman perang dunia II) Praha - mutiara Eropa -  sebuah kota yang penuh dengan musik, roman dan nostalgia terutama   dan  memiliki pesona yang luar biasa di setiap musim<br />Hotel : PENTAHOTEL PRAGUE          <br /> <br />Hari 12,   Apr. 19 - Selasa :   PRAHA<br /> Anda akan menikmati gaya arsitektur dengan kekayaan monumen,  monumen Praha yang paling terkenal sepert Hradcany Castle yang sekarang digunakan sebagai tempat tinggal kepala Negara Ceko termasuk di dalam kompleksnyaterdapat pula St Vitus Catherdal. , Charles Bridge (jembatan batu tertua dan terkenal di Praha)  , Lesser Town Bridge Tower, Old Town Bridge Tower, Prague Astronomical Clock yang setiap jam akan berbunyi dan keluar 12 patung murid Nabi Isa yang berputar, terdapat di Old Town Hall  yang dahulu sebagai Balai Kota. Bermalam di Praha Malam hari diajak menyaksikan kesenian Ceko<br /> <br />Hari 13,  Apr.20 - Rabu :  :   PRAHA - JAKARTA<br />Transfermenuju ke  airport untuk penerbangankembali ke Tanah air.</span></p>
<p style=""text-align: justify;""><span style=""font-size: medium;"">Hari 14,  Apr. 21 - Kamis  :  JAKARTA<br />InsyaAllah tiba di kota Jakarta ,  dengan membawa kenangan  yang takterlupakan </span></p>
<p style=""text-align: justify;"">&nbsp;</p>",Presentation2.jpg,0,USD,$,3800,3900,,0,0,0,0,0,1,2015-07-10 11:53:44,1,ADMIN_MANAGER,2021-10-29 20:48:34,2020-04-07 00:00:00,,2020-04-07,,,82,,,,,,REQ,1,DK,0,0,0,Per Pax,t,,0,15,0,-,-,750000,350000,0,14500,0,0,0
337,AMHT-0004,Australia dg segala keindahannya Mei 2022,"<p style=""text-align: justify;""><span style=""font-size: medium;"">Hari 1 :  JAKARTA - MELBOURNE<br />Dengan mengucap Bismillahirrahmanirrahim Peserta sudah berkumpul di bandara Soekarno-Hatta 2,5  jam sebelum waktu keberangkatan untuk  memulai perjalanan Tour Musim dingin di Australia</span></p>
<p style=""text-align: justify;""><span style=""font-size: medium;"">Hari 2 :  MELBOURNE<br />Tiba di Melbourne, acara city tour mengunjungi/melewati The Shrine of Remembrance, Parliament House, Collins Street, Fitzroy Garden yang indah dan berfoto di depan Cooks Cottage, yaitu pondok yang pernah digunakan sebagai tempat tinggal Captain Cook yang merupakan penemu Benua Australia dan jika waktu memungkinkan Anda akan diajak berbelanja di Queen Victoria Market (Tutup setiap Senin &amp; Rabu).<br /> <br />Hari 3, MELBOURNE - MT BULLER - MELBOURNE <br />Pagi hari menuju Mt Buller.  Setibanya di Mt Buller, kita akan  menikmati  berbagai <br />macam aktifitas musim dingin (tidak termasuk peralatan ski). Sore hari <br />kembali ke Melbourne untuk makan malam dan check in hotel.<br /> <br />Hari 4 : MELBOURNE - BRISBANE - GOLD COAST (SEA WORLD)<br />Dengan pesawat domestik, perjalanan dilanjutkan menuju Brisbane. Tiba <br />di Brisbanedilanjutkan menuju Gold Coast untuk mengunjungi Sea World<br /> yang merupakan wahana bahari dengan beragam atraksi menarik, seperti: <br />Sea World Aquarium, Shark Bay, Imagine Dolphin Show, Penguin Encounter.<br /> <br />Hari 5 :  GOLD COAST - MOVIE WORLD<br />Hari ini mengunjungi Paradise Coutry Farm, kita dapat menyaksikan berbagai atraksi Asli Australia seperti Puffing Billy, lempar Boomerang, Pencukuran bulu domba dan berfoto dengan Koala (dengan biaya sendiri) setelah itu menikmati makan siang BBQ ala Australia.  kemudian menuju ke Movie World yang merupakan studio film terbesar di Australia, untuk menyaksikan dari dekat teknik pembuatan film menikmati permaianan seperti Road Runner, Batman Returns, Superman The Ride, dan lainnya.  . <br /> <br />Hari 6&nbsp; : GOLD COAST - SYDNEY<br />Dengan pesawat domestic, perjalanan dilanjutkan menuju Sydney. Setibanya di <br />Sydney, city tour mengunjungi /melewati Mrs. Macqueries Chair, Sydney Opera <br />House, Sydney Harbour Bridge, The Rocks, Rose Bay, dan Double Bay, dilanjutkan ke Queen Victoria Building untuk berbelanja (Jika waktu memungkinkan).<br /> <br />Hari 7,&nbsp; SYDNEY - BLUE MOUNTAIN - SYDNEY<br />Hari ini mengunjungi Blue Mountain yang terkenal akan legenda Three <br />Sisternya. Kita akan turun ke dasar lembahnya dengan menggunakan <br />Scenic railway dan cableway. Kemudian Anda akan diantar kembali menuju Sydney. <br /> <br />Hari 8 :  SYDNEY - JAKARTA<br />Setelah makan pagi, Anda akan diantar menuju Bandara untuk penerbangan kembali menuju Tanah Air.</span></p>
<p style=""text-align: justify;"">&nbsp;</p>",KHAZAZTHAN.png,0,USD,$,3000,3100,,0,0,0,0,0,1,2015-08-11 14:47:59,1,ADMIN_MANAGER,2021-10-29 20:53:51,2020-07-07 00:00:00,,2020-07-07,,,75,,,,,,REQ,1,AU,0,0,0,Per Pax,t,,0,9,0,-,-,750000,350000,0,14500,0,0,0
349,AMHT-0008,BULAN DESEMBER 2022 (12 Night South Pacific & Fiji Cruise),"<p style=""text-align: justify;""><span style=""font-size: medium;"">Hari 1, Dec.21 JAKARTA - SYDNEY<br />Dengan mengucap Bismillahirrahmanirrahim Peserta sudah berkumpul di bandara Soekarno-Hatta 2,5  jam sebelum waktu keberangkatan menuju Sydney .</span></p>
<p style=""text-align: justify;""><span style=""font-size: medium;"">Hari 2, Dec.22 SYDNEY<br />Tiba di Sydney, langsung check in kapal  pesiar. </span></p>
<p style=""text-align: justify;""><span style=""font-size: medium;"">Hari 3, Dec.23  (Cruising) <br />Mencoba adrenalin dalam pelayaran kita kali ini, tersedia  panjat tebing, ice skating dan mini golf yang menghadap lautan biru. Kita juga bisa memanjakan diri dengan pijat spa, menikmati atrasi  atau hanya bersantai di tepi kolam renang</span></p>
<p style=""text-align: justify;""><span style=""font-size: medium;"">Hari 4, Dec.24 (Cruising) <br />Selama pelayaran kita dapat menikmati  makan dari berbagai variasi dan citra rasa. <br />Hari 5, Dec.25. (Cruising)  <br />Kita akan menikmati semua atrasi dan kegiatan yang sudah ada di Kapal Pesiar<br /> <br />Hari 6, Dec 26. Tiba 11:00 Berangkat 18:00 (Berlabuh) Port of Call: Lautoka, Fiji<br />Kota terbesar kedua Fiji telah dijuluki Sugar City, kota Lautoka Anda dapat mengagumi pohon-pohon disepanjang jalan  dan rumah-rumah kolonial, serta  kerajinan tradisional Fiji.  surga bagi pecinta alam yang ingin menikmati keindahan Fiji</span></p>
<p style=""text-align: justify;""><span style=""font-size: medium;"">Hari 7. Dec 27  Tiba 08:00 Berangkat 17:00 (Berlabuh) Port of Call: Suva, Fiji<br />Menikmati pulau pulau di kepulauan Fiji. Kobalt terkenal Pasir putih yang berkilau.Viti Levu pulau yang terbesar, rumah bagi sebagian penduduk Fiji. Pulau Suva disini  politik, bisnis dan pendidikan. </span></p>
<p style=""text-align: justify;""><span style=""font-size: medium;"">Hari 8, Dec 28  : (Cruising) <br />Menikmati musical Broadway dari Pemain kelas dunia dari seluruh dunia datang bersama-sama untuk menghibur kita di kapal. Bermain spectaculars ice-skating - ditambah banyaknya hiburan yang mendebarkan . </span></p>
<p style=""text-align: justify;""><span style=""font-size: medium;"">Hari 9, Dec.29 : Tiba 08:00 Berangkat 17:00 (Berlabuh) Port of Call: Vila, Vanuatu<br />Vanuatu terdiri dari 83 pulau-pulau. Pulau Efate, pantai pasir yang kasar dan mempunyai  laguna tersembunyi, suasana desa yang hijau. Kita akan memuali pelayaran kembali dari  Port Vila, pelabuhan alam yang indah. </span></p>
<p style=""text-align: justify;""><span style=""font-size: medium;"">Hari 10, Dec.30  Tiba 08:00 Berangkat 17:00 (tender) Port of Call: Lifou, Loyalty Island. <br />Pulau Lifou yang terbesar dari tiga Loyalty Islands, Pulau Lifou terbentuk  dari fosil karang salah satu  warisan geologi yang beragam berbentuknya, pemandangannya cukup dramatis dari  sana dapat melihat tebing terjal, hutan  dan gua besar.</span></p>
<p style=""text-align: justify;""><span style=""font-size: medium;"">Hari 11, Dec.31 Tiba 08:00 Berangkat 17:00 (tender) Port of Call: Isle of Pines, New Kaledonia <br />Menikmati Pulau dengan  alam yang tenang, masih alami dan pemandangan tropis yang rimbun.<br />mempunyai laguna zamrud, pasir seperti tepung putih. Pulau ini disebut Kunie  oleh warga Melanesia. <br /> <br />Hari 12, Jan. 01  : (Cruising) <br />Jika Anda membawa putra putrid , maka mereka tidak akan  pernah bosan berlayar. Begitu banyaknya Petualangan dikemas dengan hal-hal yang benar-benar mengagumkan .</span></p>
<p style=""text-align: justify;""><span style=""font-size: medium;"">Hari 13, Jan.02 :  (Cruising) <br />Kita dapat merayakan moment yang tak terlupakan di dalam kapal.  <br /> <br />Hari 14. Jan.03 : Tiba 06:30 Pelabuhan Kedatangan: Sydney, Australia<br />Tibalah kita di kota Sydney. Berbagai Ilmu dan kenangan yang tak terlupan dalam pelayaran kali ini. Sore hari kembali ke tanah air. Insyaalah malam hari sudah tiba di Rumah . No Place like Home.</span></p>
<p style=""text-align: justify;"">&nbsp;</p>",IMG-20201116-WA0019.jpg,0,USD,$,0,0,,0,0,0,0,0,1,2015-11-05 14:55:30,1,ADMIN_MANAGER,2021-10-16 20:04:34,2020-12-21 00:00:00,,2020-12-21,,,73,,,,,,REQ,1,AU,0,0,0,Per Pax,t,,0,14,0,-,-,750000,350000,0,14500,0,0,0
336,AMHT-0003,BULAN MEI (CHINA GUANGXI GUILIN),"<p style=""text-align: justify;""><span style=""font-size: medium;"">Hari 01 , 26 May :  JAKARTA -  NANNING   <br />Dengan mengucap Bismillahirrahmanirrahim peserta sudah berkumpul di bandara Soekarno-Hatta 2,5  jam sebelum waktu keberangkatan untuk  memulai perjalanan menuju ibukota propinsi Guangxi yaitu kota Nanning yang terkenal sebagai "" Green City of China "", kota yang indah dengan pemandangan gunung dan sungai.</span></p>
<p style=""text-align: justify;""><span style=""font-size: medium;"">Hari 02, 27 May : NANNING  - BAMA<br />Setelah sarapan melanjutkan ke Bama. Bama Yao Otonomi County adalah sebuah kota di Guangxi, Cina. Penduduk Bama  memiliki reputasi  umur panjang, Dikenal sebagai Situs Warisan Dunia Panjang Umur di mana Anda dapat menjelajahi rahasia umur panjang, mengalami adat etnis dll . Hari ini, kita akan  mengunjungi Desa Panjang Umur dan Baimo (setan) Cave, atraksi wisata yang berbeda yang paling terkenal di Bama</span></p>
<p style=""text-align: justify;""><span style=""font-size: medium;"">Hari 03, 28 May : BAMA - LIUZHOU <br />Menikmati Pemandangan alam yang menakjubkan dan  mengunjungi Pasar Lokal untuk mempelajari lebih lanjut masyarakat setempat. Kemudian, menuju Liuzhou.</span></p>
<p style=""text-align: justify;""><span style=""font-size: medium;"">HARI 04, 29 May  : LIUZHOU - YANGSHUO <br />melanjutkan menuju kota  Yangshuo. Bersantai dan berbelanja  di West Street yang penuh dengan toko cindera mata, cafe dan bar yang dahulunya merupakan tempat tinggal orang-orang Eropa. Malam hari anda akan menyaksikan pertunjukan Impression Liu San Jie yang sangat memukau hati dengan panggung di atas Sungai Lie berlatar belakang 12 bukit, hasil karya Zhang <br />i Mou ( perancang acara pembukaan Olympiade 2008 Beijing )</span></p>
<p style=""text-align: justify;""><span style=""font-size: medium;"">Hari 05, 30 May : YANGSHUO - GUILIN <br />Menuju Guilin,  kita akan menyusuri Sungai Li dengan perahu bermotor untuk menikmati keindahan pemandangan alam pegunungan yang tak terlukiskan. Setelah itu  kita akan mengunjungi Crown Cave  dengan cara menggunakan sampan, elevator, kereta tram, roaller coaster untuk menikmati pemandangan menakjubkan yang terbentuk dari stalagtit stalakmit pada malam hari Anda diajak melihat pertunjukan show tari-tarian dan akrobatik dengan permainan lampu laser yang menarik, Dreamlike Lijiang Show</span></p>
<p style=""text-align: justify;""><span style=""font-size: medium;""> HARI 06, 31 May :  GUILIN     <br /> Mengunjungi Seven Star Park dan Masjid yang berada di kota Guilin. Malam hari menikmati "" Guilin Night view. <br /> <br />HARI 07, 01 Jun : GUILIN - JAKARTA       <br />Hari ini kita kembali ke tanah air.dengan tambahan ilmu dan budaya  yang kita dapat dari perjalanan kali ini.</span></p>
<p style=""text-align: justify;"">&nbsp;</p>",Slide1.JPG,0,USD,$,1300,1600,,0,0,0,0,0,1,2015-08-10 11:57:31,1,ADMIN_MANAGER,2025-02-21 08:35:39,2025-08-01 00:00:00,,2025-08-01,,,71,,,,,,REQ,7,CN,0,0,0,Per Pax,t,,0,7,0,-,-,0,0,0,15700,0,0,1600
338,AMHT-0005,BULAN AGUSTUS 2022 (TADABUR ALAM MENIKMATI KEINDAHAN MAHA KARYA ALLAH di NEGARA TIRAI BAMBU).,"<p style=""text-align: justify;""><span style=""font-size: medium;"">Hari 1 : Jakarta -  Xiamen  <br />Dengan mengucap Bismillahirrahmanirrahim Peserta diharapkan sudah berkumpul di bandara Soekarno-Hatta 2,5  jam sebelum waktu keberangkatan  dari Soekarno Hatta menuju Xiamen dengan Xiamen Airlines MF868 (08.00-14.05). Tiba di kota Xiamen  langsung  city tour mengunjuni Wuyuan Bay Westland Park, Wooden Trestle, Island , Ring Road Golden Coast, menikmati minum teh dengan seremonial di  Tea House, berbelanja di   Zhongshan Road Walking Street.</span></p>
<p style=""text-align: justify;""><span style=""font-size: medium;"">Hari 2 : Xiamen - Nanjing County - Xiamen (dengan bus)<br />Hari ini kita akan ke kabupaten nanjing. Tiba disana akan mengunjungi/melewati desa tianluokeng  - kumpulan bangunan berbentuk lingkaran menyerupai benteng yang merupakan tempat tinggal tradisional khas suku hokkian  dan hegui hakka building - bangunan berbentuk persegi menyerupai benteng tempat tinggal tradisional khas suku hakka yang berada di desa pushan. setelah itu anda akan di antar kembali ke Xiamen.  Berbelanja di Herbal Medicine Center<br /> <br />Hari 3 : XIAMEN - LANZHOU<br />Meninggalkan kota Xiamen menuju kota Lanzhou dengan  MF8209 (07.30-12.40<br />Kota Lanzhou memiliki sejarah lebih dari 2000 tahun dan merupakan salah satu kota pemberhentian dalam perjalanan Silk Road / Jalan Sutra. Tiba di kota Lanzhou mengunjungi  Yellow River Railway Bridge , QingTrue Temple, Walking Street </span></p>
<p style=""text-align: justify;""><span style=""font-size: medium;""> HARI 4 : LANZHOU - WUWEI- ZHANGYE<br />Hari ini melanjutkan perjalanan ke kota Wuwei atau dikenal dengan nama Liangzhou , kota yang dilalui oleh Jalan Sutra. Kita akan mengunjungi kuil Confucian lalu kita menuju Zhangye untuk bermalam.</span></p>
<p style=""text-align: justify;""><span style=""font-size: medium;"">Hari 5 : ZHANGYE - LANZHOU<br />Siapkan camera untuk mengambil keindahan maha karya Allah Subhanahu wata`ala Colorful Danxia Scenic Area, Zhangye National Wetland Park ."" Rainbow Mountains "". Berbelanja di Luminous Wine Glass Factory. Kemudian dengan kereta cepat kembali ke Lanzhou (D2754 17:54) . </span></p>
<p style=""text-align: justify;""><span style=""font-size: medium;"">Hari 6, LANZHOU  - XIAN   <br />Perjalanan dilanjutkan dengan pesawat menuju Xian . Kota yang didirikan sekitar 300 tahun sebelum Masehi ini memiliki berbagai cerita dan peninggalan sejarah cikal bakal berdirinya bangsa China yang sangat menarik . mengunjungi : Terracota  yang terdiri dari patung-patung prajurit perang jaman Raja Qin Shi Huang . Selanjutnya  makan malam sambil menyaksikan tari-tarian jaman Dinasti Tang di sebuah theater termewah di China.</span></p>
<p style=""text-align: justify;""><span style=""font-size: medium;"">Hari 7 : XIAN - JIUZHAIGOU<br />Pagi hari berbelanja di  pasar tradisional dan sholat Jum`at di Masjid  yang didirikan pada abad ke-14 oleh Laksamana Cheng Ho pada masa Dinasti Ming dan sore  hari dengan pesawat udara perjalanan dilanjutkan menuju Jiuzhaigou. Setibanya di Jiuzhaigou. Check in hotel istirahat.  <br /> <br />Hari 8&nbsp; : Jiuzhaigou Valley<br />Menikmati di Lembah Jiuzhaigou Scenic Area  Di pagi hari - mengunjungi Rize Lembah termasuk Panda Lake, Five Bunga Danau, dan Pearl Shoals dan Pearl Shoals Waterfall.Pada sore hari  berbelanja Sutra di Silk Store.</span></p>
<p style=""text-align: justify;""><span style=""font-size: medium;"">Hari 9 : Jiuzhaigou-Huanglong-Chengdu<br />Hari ini perjalanan menuju   Huanglong Scenic Area dengan cable car , lalu menuju ke bandara  untuk penerbangan ke Chengdu</span></p>
<p style=""text-align: justify;""><span style=""font-size: medium;"">Hari  10 : CHENGDU<br />Pagi hari menuju pinggiran kota Chendu untuk mengunjungi   Chengdu Research Base of Giant Panda Breeding. Pada  sore hari, mengunjungi  Wuhou Temple dan  kawasan kota tua di Jalan Lama di kawasan Jinli (Jinli Old Street) yang dikenal sebagai ""Jalan Pertama pada masa Kerajaan Shu"" yang diperkirakan dibangun pada sekitar tahun 221-263 Sebelum Masehi.</span></p>
<p style=""text-align: justify;""><span style=""font-size: medium;"">Hari 11 : CHENGDU - JAKARTA<br /> Kembali ketanah air via Xianmen .</span></p>
<p style=""text-align: justify;"">&nbsp;</p>",bangkok.png,0,USD,$,0,0,,0,0,0,0,0,1,2015-08-12 09:49:18,1,ADMIN_MANAGER,2021-10-29 20:58:13,2020-08-04 00:00:00,,2020-08-04,,,78,,,,,,REQ,1,TF,0,0,0,Per Pax,t,,0,12,0,-,-,0,0,0,14500,0,0,0
385,AMHT-0012,"Halal Tour, Winter of Turkey, 5 Maret 2022, Start Jakarta","<p>HALAL TOUR ISLAMIC</p>
<p>WINTER OF TURKEY</p>
<p>Menikmati keindahan Turkey saat musim dingin &amp; bermain sky</p>
<p>&nbsp;</p>",png_20220129_073826_0000.png,0,IDR,Rp,,0,,0,0,0,0,0,1,2022-01-29 07:56:49,1,ADMIN_MANAGER,2025-02-21 08:38:03,2025-03-01 00:00:00,,2025-03-01,,-,115,,,,,,REQ,7,TR,,,,Per Pax,t,,0,10,,Qatar Airline/Ettihat Airline/Emirates Airline,Bintang 5,350000,1400000,0,16200,0,0,0
365,AMHT-0009,"BULAN APRIL 2022 ( 13 DAYS WEST EUROPE) ","<p style=""text-align: center;""><strong><span style=""font-size: x-large;"">WEST EUROPE</span></strong></p>
<p><span style=""font-size: large;"">H.01.Apr.17 Jkt-Amsterdam</span></p>
<p><span style=""font-size: large;"">H.02.Apr.18 Amsterdam - Zaanse Schans<br />-View of Windmills, Clog &amp; Cheese Factory<br />-Journey Zaanse Schans</span><span style=""font-size: large;"">- Volendam</span></p>
<p><span style=""font-size: large;"">-View of Volendam village<br />-Lunch at De Koe Restaurant<br />-Journey Volendam - Amsterdam<br />-Dinner at Chinese restauran<br />-Hotel at Amsterdam</span></p>
<p><span style=""font-size: large;"">H.03. Apr.19 Amsterdam- Lisse - Amsterdam.<br />-Breakfast at hotel<br />-Entrance to Keukenhof Park <br />-Lunch at Local restaurant.<br />-Lisse - Amsterdam<br />-Zazare diamond factory<br />-1 Hour canal cruise <br />-Sholat at Mosque <br />-View of Royal Palace, Dam Square, Rijksmuseum<br />-Free time for shopping<br />-Dinner at Desa restaurant<br />-Hotel at Amsterdam</span></p>
<p><span style=""font-size: large;"">H.04.Apr.20. Amsterdam-Kinderdijk-Albert Cuyp Market <br />-Breakfast at hotel<br />-View Kinderdijk Village<br />-Kinderdijk-Amsterdam <br />-lunch at Chinese restaurant<br />-shopping at Albert Cuyp Market<br />-Dinner at Local restaurant&nbsp;Hotel at Amsterdam</span></p>
<p><span style=""font-size: large;"">H.05 Apr.21 Amsterdam - Brussels<br />-Breakfast at hotel<br />-Islamic centre<br />-Lunch at Chinese restaurant<br />-View of Maneken Pis, Grand Palace, Atomium<br />-Free time for leisure<br />-Dinner at Local restaurant &nbsp;</span><span style=""font-size: large;"">Hotel: Ramada Brussel Woluwe 4*</span></p>
<p><span style=""font-size: large;"">H06.Apr22, Brussels - Paris<br />-Breakfast at hotel<br />-Lunch at Chinese restaurant<br />-shopping at Galeries Lafayette<br />-Dinner at Thai Restaurant<br />Hotel: Mercure Paris Fontenay Sous Bois 4*</span></p>
<p>&nbsp;</p>
<p><span style=""font-size: large;"">H.08.Apr.23 Paris<br />-Breakfast at hotel<br />-Eiffel tower including 2nd lift entrance<br />-View of Place de la concorde, Champs Elysee, Notre Dame, Arc du <br /> Triomphe, Louvre Museum<br />-Lunch at Chinese restaurant<br />-Paris - Marne-la-Vall&eacute;e<br />-Shopping at La Vallee Village<br />-Marne-la-Vall&eacute;e - Paris<br />-Dinner at Local restaurant<br />Hotel: Mercure Paris Fontenay Sous Bois 4*</span></p>
<p>&nbsp;</p>
<p><span style=""font-size: large;"">H.09.Apr.24 Paris<br />-Breakfast at hotel<br />-Full day city orientation<br />-Lunch at Chinese restaurant<br />-Islamic centre<br />-Dinner at Chinese restauran<br />Hotel: Mercure Paris Fontenay Sous Bois 4*</span></p>
<p><span style=""font-size: large;"">H10.Apr.25 Paris- Interlaken<br />-Breakfast at hotel<br />-Paris - Beaune <br />-Lunch at Local restaurant<br />-Beaune - Interlaken<br />-Dinner at Chinese restauran<br />Hotel: Lindner Grand Beau Rivage 5*</span></p>
<p><span style=""font-size: large;"">H11.Apr.26 Interlaken - Glacier 300<br />-Breakfast at hotel<br />-Interlaken - Gstaad<br />-Visit Glacier 3000 including snow bus<br />-Lunch at Botta restaurant <br />-Gstaad - Interlaken<br />-Dinner at Chinese restauran<br />Hotel: Lindner Grand Beau Rivage 5*<br /> <br />H12.Apr.27 Interlaken - Harder Kulm<br />-Breakfast at Hotel<br />-Return funicular Interlaken to Harder Kulm<br />-Lunch at Local restaurant <br />-Dinner at Chinese restauran<br />Hotel: Lindner Grand Beau Rivage 5*</span></p>
<p><span style=""font-size: large;"">H13.Apr28 Interlaken - Zurich Departure <br />-Breakfast at hotel<br />-Interlaken - Zurich<br />-Lunch at local restaurant<br />-End of services at airport</span></p>
<p>&nbsp;</p>
<p><span style=""font-size: large;"">Harga belum termasuk :<br />1.visa Schengen <br />2. Asuransi perjalanan<br />3.Tipping euro.7 /pax/day</span></p>
<p>&nbsp;</p>",images.jpg,0,usd,$,,3450,,0,0,0,0,0,1,2016-09-06 14:50:18,1,ADMIN_MANAGER,2021-10-16 20:16:26,2020-04-07 00:00:00,,2020-04-07,,,78,,,,,,REQ,1,AQ,0,0,0,Per Pax,t,,0,13,0,-,-,750000,350000,0,14500,0,0,0
367,AMHT-00011,"BULAN MARET 2022 (NAPAK TILAS PARA NABI ) ","<p style=""text-align: center;""><span style=""font-size: x-large;""><strong>NAPAK TILAS PARA NABI </strong></span></p>
<p><span style=""font-size: large;"">H01.Mar.03 Jkt-Amman<br />H02.Mar.04 Amman-Petra -Ashabul Kafi</span></p>
<p><span style=""font-size: large;"">H03.Mar.05 Petra-Karak-Laut   Mati.</span></p>
<p><span style=""font-size: large;"">H04.Mar.06. Amman- Alenby  Border -Jeriko-Tiberias</span></p>
<p><span style=""font-size: large;"">H05.Mar.07 Tiberias -Galilea- Cana -Nazaret-Yardenit-Tiberias</span></p>
<p><span style=""font-size: large;"">H06.Mar.08 Tiberias-Haifa- Caisarea-Jafa-TelAviv- Jerusalem (al Aqsho)</span></p>
<p><span style=""font-size: large;"">H.07.Mar.09 Jerusalem- Hebron-Bethelhem- Jerusalem.</span></p>
<p><span style=""font-size: large;"">H.08.Mar.10 Jerusalem-Eilat- Taba Border-St.Catherine</span></p>
<p><span style=""font-size: large;"">H.09.Mar.11. St.Catherine- Mt.Sinai-Sharm El  Sheikh - Cairo</span></p>
<p><span style=""font-size: large;"">H.10.Mar.12 Cairo - Giza- Aswan (night train) -Museum Egyptian.  Piramid.</span></p>
<p><span style=""font-size: large;"">H.11.Mar.13 Aswan-Abu  Simbel-Aswan-Nil Cruise</span></p>
<p><span style=""font-size: large;"">H.12.Mar.14 Aswan-Komombo Edfu Nil Cruise</span></p>
<p><span style=""font-size: large;"">H13.Mar15 Edfu - Esna-Luxor -Nil cruise</span></p>
<p><span style=""font-size: large;"">H.14.Mar16  Luxor, Nil cruise</span></p>
<p><span style=""font-size: large;"">H15.Mar.17 Luxor - Cairo</span></p>
<p><span style=""font-size: large;"">H16.Mar.18 Cairo-Jakarta</span></p>
<p><span style=""font-size: large;"">H17.Mar.19 Jakarta</span></p>
<p><span style=""font-size: large;"">Penerbangan : Royal Jordan</span></p>
<p><span style=""font-size: large;"">Deposit : Usd.200 (tdk bisa di  refund)</span></p>
<p><span style=""font-size: large;"">Harga : belum termasuk tipping usd.7/hari</span></p>
<p>&nbsp;</p>",download.jpg,0,usd,$,,3900,,0,0,0,0,0,1,2016-09-06 15:21:20,1,ADMIN_MANAGER,2025-08-29 13:04:49,2025-08-01 00:00:00,,2026-03-01,,,119,,,,,,REQ,1,SA,0,0,0,Per Pax,t,,0,18,0,-,-,750000,1400000,0,1,0,0,3900
414,AMHI-0001,"THE BEST EUROPE, MAY 2024","<p>H.1. Apr.29 &lsquo;23 JAKARTA - AMSTERDAM <br />Dengan mengucap Bismillahirrahmanirrahim, kita berkumpul di bandara Soekarno-Hatta <br />3jam sebelum waktu penerbangan menuju ke kota Amsterdam<br />H.2. Apr 30.`23 AMSTERDAM - VOLENDAM <br />Tiba di Amsterdam langsung, menuju kota yang dahulu <br />merupakan desa nelayan yaitu Volendam. Anda dapat <br />berfoto menggunakan pakaian tradisional Belanda (optional)<br />Hotel : Novotel Amsterdam City<br />H.3.May 01`23 AMSTERDAM - LISSE - KINDERDIJK - AMSTERDAM <br />Mengunjungi kota Lisse disana terdapat taman bunga yg ada <br />pada saat musim semi saja yaitu taman bungga Tulip tepatnya <br />di Keukenhof , lalu mengunjungi 19 Kincir Angin dibangun <br />sekitar 1740. Kelompok Kincir Angin ini adalah tempat <br />Pengurasan dengan menggunakan sistem polder berbentuk<br />Kincir Angin terbesar dan tertua di Belanda. Tempat ini pun<br />telah ditetapkan menjadi Situs Warisan Dunia UNESCO pada <br />tahun 1997.<br />Hotel : Novotel Amsterdam City<br />H .4. MAy 02.`23 : AMSTERDAM - GIETHOORN - AMSTERDAM <br />Mengunjungi Desa Giethoorn kerap dijuluki sebagai <br />negeri dongeng atau fairytale village. dikelilingi dengan <br />kanal serta memiliki 176 jembatan yang menghubungkan <br />ke daratan Menariknya lagi, mayoritas rumah di Giethoorn<br />beratap jerami yang dibangun pada abad ke-18 dan 19. .<br />Wisatawan memberikan banyak julukan kepada Giethoorn <br />akan keindahannya. Julukan yang banyak disematkan <br />adalah Venice of the Netherlands dan Dutch Venice atau<br />Venesia dari Belanda. Sebab, kanal-kanal yang mengelilingi<br />desa ini serupa dengan kanal yang ada di Venesia, Italia<br />Hotel : Novotel Amsterdam City<br />H.5. MAy 03 &lsquo;23 : AMSTERDAM - BRUGGES (BELGIA)<br />Hari ini meninggalkan kota Amsterdam dilanjutkan perjalanan <br />ke kota Brugges. Adalahsebuah kota di Belgia Utara yang<br />ditetapkan UNESCO sebagai situs warisan dunia. &lsquo;The Venice of <br />the North`. Disebutdemikian karena banyaknya kanal-kanal <br />dan sungai yang mengalir di penjuru kota yang mengingatkan<br />orang akan Venisia</p>
<p>H.6. MAy 04.`23 : BRUGGES - PARIS <br />Pagi ini melanjutkan perjalanan ke kota Mode Paris. Tiba di Paris berfoto di ke ARC DeTriomphe, <br />Place De La Concorde, Terowongan Pont De Alma, Des Invalides, siang hari berfoto dengan latar <br />belakang Menara Eiffel . Sore hari Berfoto di Museum Musee du Louvre (tidak masuk museum) , <br />Louvre mengandung seni yang terkenal di dunia, patung dan artefak dari periode yang mencakup <br />lebih dari 2.000 tahun sejarah. Walaupun bangunan itu sendiri di bangun di abad ke-12 lalu Sholat di <br />Grande Mosquee of Paris Mesjid ini didirikan setelah perang dunia I sebagai tanda terima kasih dari <br />pemerintah Perancis untuk pasukan militer muslim yang telah ikut berperang melawan tentara <br />Jerman. Sore hari menyusururi sungai Seine dengan kapal dan Menikmati jembatan Pont des Arts<br />H.7 MAy.05.`23 : PARIS - STRASBOURG <br />Perjalanan antar Negara dengan bus dari Paris ke ke <br />kota perbatasan Perancis dengan Jerman Strasbourg, <br />Menikmati kota Strasbourg yang terkenal dengan <br />pusat historisnya yang sangat indah the Grande &Icirc;le - <br /> merupakavn city centre (pusat kota) yang pertama <br />kali dijadikan tempat warisan budaya dunia oleh <br />UNESCO<br />Hotel : MERCURE STRASBOURG AEROPORT<br />H.8. MAy 06.`23 STRASBOURG - INTERLAKEN <br />Tiba di Interlaken Menikmati permainya kota <br />Interlaken dari Harder Kulm (optional) dengan <br />ketingian 1.322meter. 10 menit menanjak <br />menyusuri tebing dengan kereta kabel. Tempat <br />ini dibangun 100 an tahun lalu</p>
<p>H.9. MAy.07.` 23 : INTERLAKEN - LAUTERBRUNNEN - INTERLAKEN<br />Kunjungi lembah yang dekat dengan Interlaken, desa Lauterbrunnen di ujung lembah dengan air <br />terjun ""Staubbach"" yang terkenal di dunia. jalan darat, dan nikmati pemandangan Eiger, M&ouml;nch, dan <br />Jungfrau serta pegunungan alpine di sekitarnya. Mengunjungi Danau Blausee adalah salah satu danau <br />pegunungan paling terkenal di Swiss. Terletak di tengah taman alam seluas 20 hektar Berkat <br />warnanya yang sangat istimewa dan airnya yang sebening kristal, yang bersumber dari mata air <br />bawah tanah.<br />Hotel : LINDNER GRAND BEAU RIVAGE <br />H.10. MAy.08` 23 : INTERLAKEN - ZURICH - JAKARTA<br />Hari ni kita akan tinggalkan negeri Eropa yang mempesona .<br />kita akan kembali ke tanah air tercinta. <br />H.11. MAy.09.`23 : JAKARTA <br />Tiba di tanah air tercinta, kota Jakarta .Kami berharap Anda <br />mendapatkan tambahan ilmu dan kenangan terindah.<br />Sampai jumpa di perjalanan berikutnya.<br />HARGA : USD. 2.800/ PAX <br />HARGA TERMASUK : <br />01.Ticket Ekonomy Jakarta- Amsterdam/ Zurich - Jakarta <br />02. Akomodasi hotel di bintang 4 <br />03. Makan sesuai program <br />05..Retribusi obyek wisata<br />HARGA TIDAK TERMASUK<br />1.Passport<br />2.Visa Schengen Rp. 2,500.000<br />3.Tipping Eur. 7 / hari / pax<br />4. Asuransi perjalanan tergantung usia pendaftar , jika usia dibawah 70 thn USd. 50<br />5. Pengeluaran pribadi diluar paket</p>
<p>&nbsp;</p>",Dark Green and White Travel to France Instagram Post_20240225_093428_0000.png,0,USD,$,,3650,,0,0,0,0,0,1,2022-11-10 17:34:38,1,ADMIN_MANAGER,2025-02-21 08:31:23,2025-05-01 00:00:00,,2025-05-01,,-,83,,,,,,REQ,7,DE,,,,Per Pax,t,,0,10,,-,-,200000,1400000,0,1,0,0,3650
415,AMHI-0002,Fabolous Scandanivia,"<p>0Hari 1. 07 Jun `2023 : JAKARTA - HELSINSKI <br />Bismillahirrahmanirrahim , in syaa Allah kita akan melakukan <br />safar ke Scandinavia, kota yang pertama kita kunjungi adalah <br />Helsinski.<br />Hari 2. 08 Jun `2023 : HELSINKI (D)<br />Tiba di Helsinki, merupakan ibu kota dari negara Finlandia Selain dijuluki sebagai kota paling <br />bahagia, Helsinki juga mendapat predikat sebagai salah satu kota paling aman di dunia. Anda akan <br />diantar ke restaurant untuk makan malamm lalu ke hotel untuk istirahat<br /> Hari 3. 09 Jun 2023 : HELSINKI - PORVOO - HELSINKI <br /> Kemudian Anda akan kami ajak untuk melihat indahnya <br />kota Porvoo, merupakansatu dari enam kota abad <br />pertengahan di Finlandia, yang pertama kali disebutkan <br /> sebagai sebuah kota dalam teks dari abad ke-14. Anda <br />bermalam di Helsinki.<br />Hari 4. 10 Jun 2023 : HELSINKI - STOCKHOLM BY CRUISE (B.L,D)<br />Setelah sarapan pagi Anda diajak menikmati keindahan danketenangan kota Helsinki melalui <br />Senate Square, alun-alun kota utama dimana terdapat Helsinki Cathedral yg merupakan<br />ikon kota Helsinki dan Parlianment House. Tempeliaukion atau Gereja Batu, merupakan gereja <br />yang terbuat dari batu dan menyerupai piring terbang akan menambah kekaguman <br />Anda terhadap kota ini sebelum acara bebas untuk membeli souvenir atau penganan khas<br />Kauppatori (Market Square). Sore hari, Anda akan bermalam di atas ferry penyebrangan menuju <br />kota Stockholm di Swedia. <br />Silja Seenade Cruise <br />Hari 5, 11 Jun 2023: STOCKHOLM (B.L.D)<br />Bangunlah pagi hari!! Karena saat kapal pesiar Anda <br />memasuki wilayah Stockholm, Anda akan disuguhi <br />pemandangan indah gugusan pulau yang memenuhi <br />perairan Stockholm sebelum memasuki pelabuhan kota. <br />Tak hanya itu, selesai Anda mendarat di kota berjulukan Venice of the North ini, Stockholm akan <br />terus memanjakan Anda dengan pemandangan cantik Bermalam di Stockholm : <br />Hotel With Urban Deli</p>
<p>Hari 6. 12 Jun 2023 : STOCKHOLM - KARLSTAD - HAMAR (B,L,D)<br />Perjalanan dilanjutkan menuju Hamar yang terkenal sebagi area tujuan ski saat musim dingin <br />dengan terlebih dahulu makan siang di kota Karlstad yang tenang. Bermalam di Hamar.<br />Hotel : First Hotel Victoria<br />Hari 7. 13 Jun 2023 : HAMAR - FLAM - GUDVANGEN - VOSS (B.L.D)<br />Tiba di Flam, Anda akan merasakan betapa indahnya alam Norway terutama akan Fjord nya.<br />Flam adalah desa kecil yang tenang yang berada di penghujung Aurlandsfjord anak Sognefjord<br />ya kapal Fjord Cruise ng merupakan fjord terbesar di dunia. Dalam kesempatan ini, dengan kapal <br />Fjord Cruise , Anda akan menyusuri keindahan fjord hingga desa Gudvangen. Kemudian menuju <br />Voss dengan bus wisata untuk bermalam. <br />Hari 8. 14 Jun 2023: VOSS - FLAM - BERGEN (B.L.D) <br />Masih di area Voss, kali ini Anda akan mencoba <br />Flamsbana, panoramic train berwarna hijau yang<br />akan naik dari desa Voss ke desa Flam melalui <br />Myrdal untuk kembali menikmati keindahan alam <br />Norway yang menakjubkan Dalam perjalanan antara <br />Voss dan Bergen, Tiba di Bergen, kota wisata tahun <br />2000 dan bagian dari situs warisan dunia Unesco, <br />Anda akan naik ke puncak bukit dengan Floybanen <br />Funicular untuk melihat keindahan kota ini . Bermalam di Bergen<br />Hotel : Quality Hotel Edvard Grieg<br />Hari 9. 15 Jun. 2023 : BERGEN - BRIMNES - GEILO - OSLO (B.L.D)<br /> Sepanjang hari ini dengan bus wisata, Anda akan dipuaskan <br />oleh keindahan alam Norway, mulai dari fjord, hutan pinus, <br />air terjun, sungai-sungai kecil, danau, puncak bersalju (selain <br />musim panas) dan bahkan rusa atau kijang yang tak jarang <br />melintasi jalan secara bergerombol. Sebelum makan siang di <br />Geilo, Dan Anda akan menyeberang dari Bruravijk ke <br />Brimnes via Hardanger Bridge . Bermalam di Oslo<br />Hotel : Radisson Blu Hotel Oslo Alna <br />Hari 10. 16 Jun. 2023 : OSLO - COPENHAGEN BY CRUISE (B.L.D)<br />Pagi ini mengunjungi Vigeland Sculpture Park yang merupakan <br />museum terbuka dengan patung-patung yang menggambarkan<br />sifat emosional manusia karya Gustav Vigeland dengan <br />masterpiece-nya ""The Angry Boy"". Dilanjutkan untuk melihat</p>
<p>Viking Ship Museum dimana Anda bisa melihat sisa-sisa kapal <br />Viking yang hebat serta City Hall tempat penyerahan Nobel <br />Perdamaian setiap tahun. Tour Anda akan berlanjut dengan melihat National Theater, <br />Parlianment House dan Royal Palace sebelum bermalam di kapal ferry DFDS Seaways menuju <br />kota Copenhagen<br />Hari 11. 17 Jun 2023 : COPENHAGEN (B.L.D)<br />Tour Anda hari ini akan mencakup patung kecil namun sangat <br />terkenal di pinggirdermaga Copenhagen, Little Mermaid , <br />diilhami dari cerita anak-anak karya Hans Christian Andersen.<br />Dilanjutkan ke NYHAVN yang merupakan area waterfront <br />berusia 4 abad yang kini dipenuhi bar dan restaurant, <br />City Hall, Christianborg Palace, Amalienborg Palace dan<br />Rosenborg Castle. tempat penyimpanan makhota dan<br />perhiasan kerajaan Denmark. Bermalam di Copenhagen.<br />Hotel : Imperial Hotel<br />Hari 12. 18 Jun 2023 :COPENHAGEN - JAKARTA (B)<br />Pagi hari acara bebas untuk Anda, sebelum diantar menuju Airport untuk penerbangan menuju <br />Jakarta<br />Hari 13. 19 Jun : JAKARTA (B)<br />In syaa Allah tiba di Tanah air dengan tambahan ilmu dan kenangan indah yang tak terlupakan<br />HARGA : USD. 4.800 / PAX</p>
<p><br />HARGA TERMASUK : <br />01.Ticket Ekonomy Jakarta- Heelsinski / Copenhangen - Jakarta dengan Qatar Airlines<br />02. Akomodasi hotel di bintang 4 dan 5<br />03. Makan sesuai program <br />05..Retribusi obyek wisata<br />07.Air Minum 1 botol setiap hari di dalam bus</p>
<p><br />HARGA TIDAK TERMASUK<br />1.Passport<br />2.Visa Schengen Rp. 2.500.000<br />3.Tipping Usd. 7 / hari / pax<br />4. Asuransi perjalanan tergantung usia pendaftar , jika usia dibawah 70 thn USd.50<br />5. Pengeluaran pribadi diluar paket<br />Note : <br />Harga tour sewaktu waktu dapat berubah tanpa dengan pemberitahuan terlebih dahulu, jika terjadi <br />perubahan nila tukar (kurs atau kenaikan tarif penerbanagn sebelum pelunasan)<br />Senate Square Helsinki (architecturetoday.co.uk)</p>",1_20221110_185003_0000.png,0,USD,$,,4800,,0,0,0,0,0,1,2022-11-10 18:22:24,1,ADMIN_MANAGER,2025-02-25 14:40:47,2024-06-01 00:00:00,,2024-06-01,,_,78,,,,,,REQ,16,AF,,,,Per Pax,t,,0,13,,_,_,200000,1650000,0,1,0,0,4800
466,AMHI-0003,SAKURA JEPANG,,20240225_092201_0000.png,0,IDR,.Rp,,39000000,,0,0,0,0,0,1,2024-02-25 09:47:22,1,ADMIN_MANAGER,2025-02-21 08:32:52,2025-04-01 00:00:00,,2025-04-01,,-,109,,,,,,REQ,7,JP,,,,Per Pax,t,,0,9,,-,H,200000,1400000,0,1,0,0,39000000
470,AMHI-0004,"JALUR SUTRA, 16 Hari, JAKARTA",,20240227_145341_0000.png,0,USD,$,,1900,,0,0,0,0,0,1,2024-02-27 15:04:18,1,ADMIN_MANAGER,2025-08-27 12:25:22,2025-08-12 00:00:00,,2025-09-01,,-,78,,,,,,REQ,7,CN,,,,Per Pax,t,,0,16,,CHINA SOUTHEM AIRLINE,-,200000,140000,0,1,0,0,1900
471,AMHI-0005,"KOREA, NEGERI GINGSENG",,20240227_155412_0000.png,0,IDR,Rp,,26000000,,0,0,0,0,0,1,2024-02-27 15:52:56,1,ADMIN_MANAGER,2025-02-21 08:33:24,2025-05-26 00:00:00,,2025-05-01,,-,78,,,,,,REQ,11,KR,,,,Per Pax,t,,0,7,,ASIANA AIRLINE,-,200000,1400000,0,1,0,0,26000000
539,AMHU-159,"UMROH + Baghdad 11 Hari,  Desember 2025, Jakarta","<p>UMRAH PLUS BAGHDAD</p>
<p>PAKAT 11 HARI<br />BERANGKAT 8 DESEMBER 2025<br />START JAKARTA</p>
<p>HARI-1 : JAKARTA - BAGHDAD<br />JAMAAH BERKUMPUL DI T3 CENGKARENG JAKARTA PUKUL 16.00 WIB TAKE OFF PUKUL 21.00 WIB MENUJU BAGHBAD.</p>
<p>HARI-2 : ZIARAH DIBAGHDAD<br />TIBA DI BAGHDAD<br />ZIAROH KEMAKAM SYEH ABDUL KODIR JAELANI DAN KEDUA PUTRANYA, MAKAM IMAM HANAFI, MAKAM IMAM AHMAD BIN HAMBAL DAN SYEH MAKRUF AL KARKHI</p>
<p>HARI-3 : BAGHDAD - NAJAF<br />SETELAH MAKAN PAGI, CHEKOUT HOTEL MENUJU NAJAF<br />CHEKIN HOTEEL DILANJUT ZIARAH MAKAM SAYIDINA ALI BIN ABI THOLIB, RA, MASJID KUFAH</p>
<p>HARI-4 : NAJAF - BAGHDAD<br />CHEKOUT HOTEL MENUJU BAGHDAD, JIKA WAKTU CUKUP KEEMBALI ZIARAAH TUANKU SYEKH ABDUL KODIR JAELANI, MENUU BAGHDAD LANJUT KE JEDDAH - MEDINAH</p>
<p>HARI-5 : MEDINAH<br />BERIBADAH KE MASJID NABAWI SEPERTI SHOLAT WAAJIB, SUNNAH, ROUDHOH</p>
<p>HARI-6 : MEDINAH<br />SETELAH MAAKAN PAGI, ZIAROH SEKITAR MEDINAH<br />BERIBADAH, SHOLAT SUNNAH, SHOLAT WAJIB, TADAARUS,</p>
<p>HARI-7 : MEDINAH - MEKKAH<br />SETELAH SHOLAT DHUHUR DAN MAKAN SIANG BERSIAP-SIAP MENUJU MEKKAH DAN UMRAH KE-1 AMBIL MIQOT DI BIR ALI</p>
<p>HARI-8 : MEKKAH<br />BERIBADAH DIMASJDIL HARAM, SEPERTI SHOLAT SUNNAH, TADARUS</p>
<p>HARI-9 : MEKKAH<br />SETELAH MAKAN PAGI, TOUR SEKITAR MEKKAH SEKALIGUS AMBIL MIQOT DI CIKRONA MELAKUKAN UMRAH KE-2</p>
<p>HARI-10 : MEKKAH - JEDDAH - JAKARTA<br />SETELAH SHOLAT DHUHUR  DANMAKAN SIAN, SIAP2 CHEKOUT HOTEL MENUJU JEDDAH -JAKARTA</p>
<p>HARI-11 : JAKARTA<br />TIBA DIJAKARTA 18.00 WIB</p>
<p>HARGA BELUM TERMASUK<br />1.PENGURUSAN PASPORT<br />2.SUNTIK MENENGITIS + POLIO<br />3,BIAYA TIPING $7/HARI SELAMA DIBAGHDAD<br />4.BIAYA DELEGASI SPONSOR TRAVEL DI BANDARA UNTUK MENGURUSAN IMIGRASI DNSTIKET VISA $50 SATU GROUP<br />5.KELEBIHAN BAGASI MAX 25 KG<br />6.BIAYA YANG BERSIFAT PRIBADI</p>
<p>DIHITUNG KURS DOLLAR MAX 16.300, JIKA DOLLAR LEBIH DARI PERHITUNGAN,HARGA MENAMBAH SELISIH DOLLAR YANG BERLAKU.</p>
<p>&nbsp;</p>
<p>&nbsp;</p>
<p>&nbsp;</p>
<p>&nbsp;</p>
<p>&nbsp;</p>",Kuning Emas Elegan Paket Umrah Travel Promo Instagram Post_20250830_051308_0000.png,0,IDR,Rp,,47950000,,0,0,0,0,0,1,2025-08-29 10:41:19,1,ADMIN_MANAGER,2025-08-30 05:16:09,2025-12-08 00:00:00,,2025-12-08,,-,119,,,,,,REQ,21,SA,,,,Per Pax,t,,0,11,,Qatar airline/Turkey airline,"Qesar, trust ajjad, plaza in uhud",100000,1400000,40,16300,0,0,47950000
540,AMHI-006,"ZIARAH BUKHORI MUSLIM, NOP 2025","<p>*9 Hari - Eksotis Jalur Sutra + Gunung Salju*</p>
<p>*25 Nov - 03 Dec. 2025*</p>
<p><br />*Harga : Rp. 31.500.000 / pax*</p>
<p>✈️  Malindo Airlines</p>
<p>*Hotel 4**<br /> <br />*Harga Termasuk* :<br />1.Akomodasi 8 hari 7 malam. Sekamar ber 2 <br />2.Air mineral botol di bus<br />3.Makan sesuai program<br />4.Restribusi  wisata   <br />5.Transportasi Bus Ac<br />6.Tiket kereta api; Tas-Sam - Buk-Tas<br />7.Cable Car di gunung Chimgan<br />8.Semua pajak yang berlaku</p>
<p>*Harga  tidak termasuk*  <br /> 1.Asuransi Perjalanan <br /> 2.Tip U$.5 /hari/ orang <br /> 3.Pengeluaran Pribadi<br />4. Perlengkapan 1,5.jt<br />5. Diluar paket</p>
<p>&nbsp;</p>",Tempat Terbatas_20250910_090334_0000.png,0,IDR,Rp,,31500000,,0,0,0,0,0,1,2025-09-13 07:01:03,1,ADMIN_MANAGER,2025-09-13 07:06:25,2025-11-25 00:00:00,,2025-11-25,,-,78,,,,,,REQ,38,AE,,,,Per Pax,t,,0,9,,MALINDO AIRLINE,-,200000,1300000,35,16500,31500000,0,0
574,AMHTI-0013,HAINAN,"<p>*HAINAN BEST DEAL*</p>
<p>*Apr.6 - Apr.10  2026*<br />5 Hari 3 Malam</p>
<p>*Harga :  Rp 6.950.000  / pax* <br /> <br />*HARGA TERMASUK :*<br />1. Tiket pesawat PP kelas *Ekonomi Charter flight Lion Air* <br />2. Airport tax International              <br />3. Hotel *Sanya Yabulun Health Convalescent Center* <br />4. Acara tour, transportasi dan makan sesuai program.<br />5. Berat bagasi 20 kg/Pax dan hand carry 5kg/pax<br />6. Air Mineral 1 botol /Pax/hari<br />7. Asuransi perjalanan Group (Usia tertanggung maksimal 69 thn), Usia 7   <br />8. Kunjungan toko wajib</p>
<p>*Harga Tidak Termasuk*<br />1. Biaya Dokumen perjalanan ( Paspor, Entry Permit,dll)<br />2. Biaya perlengkapan, handling &amp; Asuransi 1,5 jt<br />3. Pengeluaran pribadi.     <br />4. Kelebihan bagasi sesuai ketentuan Airlines<br /> 5. Tipping Guide &amp; Driver <br /> 6. Optional Tour<br /> 7. PPN 1.1%</p>
<p>&nbsp;</p>",IMG-20260205-WA0001.jpg,0,IDR,Rp,,6950000,,0,0,0,0,0,1,2026-02-05 08:42:24,0,ADMIN_MANAGER,2026-02-05 09:04:39,2026-06-08 00:00:00,KOTA JAKARTA BARAT,2026-06-08,,-,78,,,,,,REQ,39,CN,,,,Per Pax,t,,0,5,,LION AIRLINE,Sanya Yabulun Health Convalescent Center,100000,1400000,25,16700,0,0,6950000
